full_text,tokens,processed_text
obe ini hanya bikin kerja guru makin berat administrasinya banyak sekali sedangkan gajinya tetep segitugitu saja,"['obe', 'bikin', 'kerja', 'guru', 'berat', 'administrasi', 'gaji', 'tetep', 'segitugitu']",obe bikin kerja guru berat administrasi gaji tetep segitugitu
tidak ngerti kenapa indonesia selalu ikutikutan tren kurikulum dari luar obe ini hanya kedok buat naikin standar akreditasi saja,"['ngerti', 'indonesia', 'ikutikutan', 'tren', 'kurikulum', 'obe', 'kedok', 'naikin', 'standar', 'akreditasi']",ngerti indonesia ikutikutan tren kurikulum obe kedok naikin standar akreditasi
kampus saya sudah setahun pakai obe tapi tidak ada perubahan signifikan dosen masih ngajar dengan cara yang sama,"['kampus', 'tahun', 'pakai', 'obe', 'ubah', 'signifikan', 'dosen', 'ngajar']",kampus tahun pakai obe ubah signifikan dosen ngajar
saya sebagai dosen senior merasa obe ini hanya mempersulit sistem yang sudah berjalan baik banyak form yang harus diisi,"['dosen', 'senior', 'obe', 'sulit', 'sistem', 'jalan', 'form', 'isi']",dosen senior obe sulit sistem jalan form isi
obe bikin mahasiswa jadi robot yang hanya diukur dari outcomes padahal pendidikan harusnya lebih dari itu,"['obe', 'bikin', 'mahasiswa', 'robot', 'ukur', 'outcomes', 'didik']",obe bikin mahasiswa robot ukur outcomes didik
tiap ganti menteri pasti ganti kurikulum sekarang obe besok apa lagi kasihan guruguru yang jadi kelinci percobaan,"['ganti', 'menteri', 'ganti', 'kurikulum', 'obe', 'besok', 'kasihan', 'guruguru', 'kelinci', 'coba']",ganti menteri ganti kurikulum obe besok kasihan guruguru kelinci coba
penerapan obe di kampus kami asalasalan hanya ganti template rps saja tanpa ada perubahan substansi,"['terap', 'obe', 'kampus', 'asalasalan', 'ganti', 'template', 'rps', 'ubah', 'substansi']",terap obe kampus asalasalan ganti template rps ubah substansi
susah sekali nerapin obe di kelas seni soalnya outcomesnya tidak bisa diukur pakai angka saja,"['susah', 'nerapin', 'obe', 'kelas', 'seni', 'outcomesnya', 'ukur', 'pakai', 'angka']",susah nerapin obe kelas seni outcomesnya ukur pakai angka
obe ini hanya jargon akademis baru yang bikin pusing dosen prakteknya tidak ada bedanya sama kurikulum sebelumnya,"['obe', 'jargon', 'akademis', 'bikin', 'pusing', 'dosen', 'praktek', 'beda', 'kurikulum']",obe jargon akademis bikin pusing dosen praktek beda kurikulum
sudah setahun kampus kami pakai obe tapi mahasiswa malah jadi stres karena terlalu fokus ke outcome bukan ke proses belajar,"['tahun', 'kampus', 'pakai', 'obe', 'mahasiswa', 'stres', 'fokus', 'outcome', 'proses', 'ajar']",tahun kampus pakai obe mahasiswa stres fokus outcome proses ajar
kemdikbud maksa semua kampus terapin obe padahal belum ada panduan jelas jadinya masingmasing kampus interpretasi sendiri,"['kemdikbud', 'maksa', 'kampus', 'terapin', 'obe', 'pandu', 'masingmasing', 'kampus', 'interpretasi']",kemdikbud maksa kampus terapin obe pandu masingmasing kampus interpretasi
obe ini konsepnya dari negara maju yang punya resource banyak gimana ingin diterapin di indonesia yang masih kekurangan guru,"['obe', 'konsep', 'negara', 'maju', 'resource', 'gimana', 'diterapin', 'indonesia', 'kurang', 'guru']",obe konsep negara maju resource gimana diterapin indonesia kurang guru
dosendosen pada bingung sama obe pelatihan hanya sehari terus disuruh langsung praktekin mana bisa langsung ngerti,"['dosendosen', 'bingung', 'obe', 'latih', 'hari', 'suruh', 'langsung', 'praktekin', 'langsung', 'ngerti']",dosendosen bingung obe latih hari suruh langsung praktekin langsung ngerti
pendidikan berbasis hasil itu seperti kapitalisme masuk dunia pendidikan mahasiswa jadi produk yang harus sesuai permintaan pasar,"['didik', 'basis', 'hasil', 'kapitalisme', 'masuk', 'dunia', 'didik', 'mahasiswa', 'produk', 'sesuai', 'minta', 'pasar']",didik basis hasil kapitalisme masuk dunia didik mahasiswa produk sesuai minta pasar
bingung sama obe ini kalau implementasinya asalasalan ya sama saja bohong hanya ganti istilah saja,"['bingung', 'obe', 'implementasi', 'asalasalan', 'ya', 'bohong', 'ganti', 'istilah']",bingung obe implementasi asalasalan ya bohong ganti istilah
garagara obe beban administratif dosen jadi berlipat ganda kapan fokusnya ngajar kalau kerjaannya ngisi form mulu,"['garagara', 'obe', 'beban', 'administratif', 'dosen', 'lipat', 'ganda', 'fokus', 'ngajar', 'kerja', 'ngisi', 'form', 'mulu']",garagara obe beban administratif dosen lipat ganda fokus ngajar kerja ngisi form mulu
kampus kami diwajibkan pakai obe tahun depan tapi belum ada pelatihan sama sekali gimana cara implementasinya coba,"['kampus', 'wajib', 'pakai', 'obe', 'latih', 'gimana', 'implementasi', 'coba']",kampus wajib pakai obe latih gimana implementasi coba
obe malah bikin kreativitas siswa terbatas soalnya semua sudah ada standarnya tidak boleh keluar dari jalur,"['obe', 'bikin', 'kreativitas', 'siswa', 'batas', 'standar', 'jalur']",obe bikin kreativitas siswa batas standar jalur
sebel sekali sama kurikulum obe bikin tugas jadi lebih banyak padahal tidak nambah pemahaman,"['sebel', 'kurikulum', 'obe', 'bikin', 'tugas', 'nambah', 'paham']",sebel kurikulum obe bikin tugas nambah paham
kalau obe diimplementasikan dengan setengah hati malah bikin kualitas pendidikan turun daripada naik,"['obe', 'implementasi', 'hati', 'bikin', 'kualitas', 'didik', 'turun']",obe implementasi hati bikin kualitas didik turun
tidak setuju sama konsep obe yang terlalu fokus ke hasil proses belajar juga penting buat pengembangan karakter,"['tuju', 'konsep', 'obe', 'fokus', 'hasil', 'proses', 'ajar', 'kembang', 'karakter']",tuju konsep obe fokus hasil proses ajar kembang karakter
saya sebagai mahasiswa ngerasa obe malah bikin beban belajar tambah berat tugas numpuk tapi tidak nyambung satu sama lain,"['mahasiswa', 'ngerasa', 'obe', 'bikin', 'beban', 'ajar', 'berat', 'tugas', 'numpuk', 'nyambung']",mahasiswa ngerasa obe bikin beban ajar berat tugas numpuk nyambung
obe itu bagus di teori tapi kalau infrastruktur pendidikan masih kurang ya percuma saja,"['obe', 'bagus', 'teori', 'infrastruktur', 'didik', 'ya']",obe bagus teori infrastruktur didik ya
kampus saya hanya ganti nama saja jadi kurikulum obe padahal isinya masih sama persis seperti kurikulum lama,"['kampus', 'ganti', 'nama', 'kurikulum', 'obe', 'isi', 'persis', 'kurikulum']",kampus ganti nama kurikulum obe isi persis kurikulum
pusing sekali sama obe guruguru pada stres bikin dokumen penilaian yang ribet sekali,"['pusing', 'obe', 'guruguru', 'stres', 'bikin', 'dokumen', 'nilai', 'ribet']",pusing obe guruguru stres bikin dokumen nilai ribet
obe bikin pengajaran jadi kaku padahal setiap kelas punya dinamika berbeda yang butuh pendekatan fleksibel,"['obe', 'bikin', 'ajar', 'kaku', 'kelas', 'dinamika', 'beda', 'butuh', 'dekat', 'fleksibel']",obe bikin ajar kaku kelas dinamika beda butuh dekat fleksibel
menurut saya obe ini hanya buangbuang waktu dan tenaga kualitas pendidikan indonesia tidak akan membaik hanya garagara ganti kurikulum,"['obe', 'buangbuang', 'tenaga', 'kualitas', 'didik', 'indonesia', 'baik', 'garagara', 'ganti', 'kurikulum']",obe buangbuang tenaga kualitas didik indonesia baik garagara ganti kurikulum
setelah nerapin obe waktu dosen habis buat bikin dokumen administratif daripada ngajar dan riset,"['nerapin', 'obe', 'dosen', 'habis', 'bikin', 'dokumen', 'administratif', 'ngajar', 'riset']",nerapin obe dosen habis bikin dokumen administratif ngajar riset
obe terlalu fokus ke assessment lamalama mahasiswa hanya belajar buat lulus ujian bukan buat dapetin ilmu,"['obe', 'fokus', 'assessment', 'lamalama', 'mahasiswa', 'ajar', 'lulus', 'uji', 'dapetin', 'ilmu']",obe fokus assessment lamalama mahasiswa ajar lulus uji dapetin ilmu
penerapan obe di sekolah kami bikin guruguru tambah stres banyak yang ingin resign garagara beban kerjanya nambah,"['terap', 'obe', 'sekolah', 'bikin', 'guruguru', 'stres', 'resign', 'garagara', 'beban', 'kerja', 'nambah']",terap obe sekolah bikin guruguru stres resign garagara beban kerja nambah
obe ini kedoknya untuk tingkatin kualitas tapi sebenernya hanya untuk kepentingan akreditasi saja,"['obe', 'kedok', 'tingkatin', 'kualitas', 'sebenernya', 'penting', 'akreditasi']",obe kedok tingkatin kualitas sebenernya penting akreditasi
tidak ngerti sama logika obe katanya fokus ke hasil tapi malah bikin prosesnya jadi lebih rumit,"['ngerti', 'logika', 'obe', 'fokus', 'hasil', 'bikin', 'proses', 'rumit']",ngerti logika obe fokus hasil bikin proses rumit
sudah 3 bulan kampus kami terapin obe so far tidak ada perubahan signifikan selain paperwork yang nambah banyak,"['3', 'kampus', 'terapin', 'obe', 'so', 'far', 'ubah', 'signifikan', 'paperwork', 'nambah']",3 kampus terapin obe so far ubah signifikan paperwork nambah
obe bikin mahasiswa jadi kurang kreatif mereka hanya fokus ke rubrik penilaian bukan ke eksplorasi ilmu,"['obe', 'bikin', 'mahasiswa', 'kreatif', 'fokus', 'rubrik', 'nilai', 'eksplorasi', 'ilmu']",obe bikin mahasiswa kreatif fokus rubrik nilai eksplorasi ilmu
capek sekali sumpah setiap ganti pejabat pasti ganti kurikulum sekarang obe nanti kalau ganti menteri ganti lagi,"['capek', 'sumpah', 'ganti', 'jabat', 'ganti', 'kurikulum', 'obe', 'ganti', 'menteri', 'ganti']",capek sumpah ganti jabat ganti kurikulum obe ganti menteri ganti
obe ini malah bikin gap antara kampus kaya dan kampus miskin makin lebar soalnya implementasinya butuh resource banyak,"['obe', 'bikin', 'gap', 'kampus', 'kaya', 'kampus', 'miskin', 'lebar', 'implementasi', 'butuh', 'resource']",obe bikin gap kampus kaya kampus miskin lebar implementasi butuh resource
banyak dosen yang resist sama obe karena tidak ada insentif tambahan padahal beban kerja nambah,"['dosen', 'resist', 'obe', 'insentif', 'tambah', 'beban', 'kerja', 'nambah']",dosen resist obe insentif tambah beban kerja nambah
sistem obe bikin guru fokus ke administrasi ketimbang pengajaran kasihan murid jadi korban,"['sistem', 'obe', 'bikin', 'guru', 'fokus', 'administrasi', 'ketimbang', 'ajar', 'kasihan', 'murid', 'korban']",sistem obe bikin guru fokus administrasi ketimbang ajar kasihan murid korban
obe itu hanya istilah keren buat system yang sebenernya sudah ada dari dulu marketing saja,"['obe', 'istilah', 'keren', 'system', 'sebenernya', 'marketing']",obe istilah keren system sebenernya marketing
di kampus kami obe hanya jadi syarat akreditasi saja prakteknya masih pakai cara lama,"['kampus', 'obe', 'syarat', 'akreditasi', 'praktek', 'pakai']",kampus obe syarat akreditasi praktek pakai
tidak efektif sekali obe ini mahasiswa jadi kebingungan karena setiap dosen interpretasinya bedabeda,"['efektif', 'obe', 'mahasiswa', 'bingung', 'dosen', 'interpretasi', 'bedabeda']",efektif obe mahasiswa bingung dosen interpretasi bedabeda
obe malah bikin standardisasi yang ketat padahal setiap siswa punya kecepatan belajar yang berbeda,"['obe', 'bikin', 'standardisasi', 'ketat', 'siswa', 'cepat', 'ajar', 'beda']",obe bikin standardisasi ketat siswa cepat ajar beda
implementasi obe di sekolah kami berantakan sekali guruguru pada bingung cara penilaiannya gimana,"['implementasi', 'obe', 'sekolah', 'beranta', 'guruguru', 'bingung', 'nilai', 'gimana']",implementasi obe sekolah beranta guruguru bingung nilai gimana
saya tidak setuju sama kurikulum obe yang terlalu ikutin kebutuhan industri pendidikan bukan hanya soal kerja,"['tuju', 'kurikulum', 'obe', 'ikutin', 'butuh', 'industri', 'didik', 'kerja']",tuju kurikulum obe ikutin butuh industri didik kerja
obe bikin saya sebagai guru jadi lebih banyak ngurusin dokumen daripada fokus ke pengajaran,"['obe', 'bikin', 'guru', 'ngurusin', 'dokumen', 'fokus', 'ajar']",obe bikin guru ngurusin dokumen fokus ajar
demi obe kampus kami sampai ngabisin dana buat konsultan padahal yang dibutuhin hanya perbaikan fasilitas,"['obe', 'kampus', 'ngabisin', 'dana', 'konsultan', 'dibutuhin', 'baik', 'fasilitas']",obe kampus ngabisin dana konsultan dibutuhin baik fasilitas
obe ini hanya jargon kosong di lapangan implementasinya amburadul karena tidak ada panduan yang jelas,"['obe', 'jargon', 'kosong', 'lapang', 'implementasi', 'amburadul', 'pandu']",obe jargon kosong lapang implementasi amburadul pandu
garagara obe waktu buat penelitian jadi berkurang karena dosen sibuk bikin dokumen assessment,"['garagara', 'obe', 'teliti', 'kurang', 'dosen', 'sibuk', 'bikin', 'dokumen', 'assessment']",garagara obe teliti kurang dosen sibuk bikin dokumen assessment
obe malah bikin mahasiswa jadi kurang kritis mereka hanya fokus ke standar minimum yang harus dicapai,"['obe', 'bikin', 'mahasiswa', 'kritis', 'fokus', 'standar', 'minimum', 'capai']",obe bikin mahasiswa kritis fokus standar minimum capai
sebagai guru saya ngerasa obe ini hanya nambah beban administratif tanpa manfaat yang jelas buat siswa,"['guru', 'ngerasa', 'obe', 'nambah', 'beban', 'administratif', 'manfaat', 'siswa']",guru ngerasa obe nambah beban administratif manfaat siswa
obe ini hanya alat pemerintah buat standarisasi pendidikan padahal setiap daerah punya keunikan dan kebutuhan berbeda,"['obe', 'alat', 'perintah', 'standar', 'didik', 'daerah', 'uni', 'butuh', 'beda']",obe alat perintah standar didik daerah uni butuh beda
implementasi obe di kampus kami hanya setengahsetengah jadinya malah bikin bingung semua pihak,"['implementasi', 'obe', 'kampus', 'setengahsetengah', 'bikin', 'bingung']",implementasi obe kampus setengahsetengah bikin bingung
obe malah bikin pendidikan jadi industri yang hanya fokus ke output bukan ke perkembangan manusianya,"['obe', 'bikin', 'didik', 'industri', 'fokus', 'output', 'kembang', 'manusia']",obe bikin didik industri fokus output kembang manusia
kalau obe ingin sukses di indonesia tidak cukup hanya ganti kurikulum mindset dan infrastrukturnya juga harus dibenahi,"['obe', 'sukses', 'indonesia', 'ganti', 'kurikulum', 'mindset', 'infrastruktur', 'benah']",obe sukses indonesia ganti kurikulum mindset infrastruktur benah
tidak ngerti sama kementerian maksa semua kampus terapin obe tapi tidak dikasih dana tambahan,"['ngerti', 'menteri', 'maksa', 'kampus', 'terapin', 'obe', 'kasih', 'dana', 'tambah']",ngerti menteri maksa kampus terapin obe kasih dana tambah
obe bikin pendidikan kehilangan soulnya semuanya jadi terukur dan terstandarisasi secara kaku,"['obe', 'bikin', 'didik', 'hilang', 'soulnya', 'ukur', 'standar', 'kaku']",obe bikin didik hilang soulnya ukur standar kaku
kampus kami sudah terapin obe tapi feedbacknya negatif dari mahasiswa katanya tugas jadi lebih banyak tapi tidak relevan,"['kampus', 'terapin', 'obe', 'feedbacknya', 'negatif', 'mahasiswa', 'tugas', 'relevan']",kampus terapin obe feedbacknya negatif mahasiswa tugas relevan
terlalu banyak administrasi di obe kapan ngajarnya kalau waktu habis buat ngurusin dokumen,"['administrasi', 'obe', 'ngajarnya', 'habis', 'ngurusin', 'dokumen']",administrasi obe ngajarnya habis ngurusin dokumen
obe ini bagus di negara yang sistem pendidikannya sudah mapan kalau di indonesia malah jadi beban tambahan,"['obe', 'bagus', 'negara', 'sistem', 'didik', 'mapan', 'indonesia', 'beban', 'tambah']",obe bagus negara sistem didik mapan indonesia beban tambah
menurut survei internal 70 dosen kami tidak setuju sama implementasi obe karena terlalu birokratis,"['survei', 'internal', '70', 'dosen', 'tuju', 'implementasi', 'obe', 'birokratis']",survei internal 70 dosen tuju implementasi obe birokratis
obe malah bikin mahasiswa jadi stres mereka hanya fokus ke nilai bukan ke pemahaman materi,"['obe', 'bikin', 'mahasiswa', 'stres', 'fokus', 'nilai', 'paham', 'materi']",obe bikin mahasiswa stres fokus nilai paham materi
kampus2 pada ramerame terapin obe padahal tidak paham esensinya yang penting bisa ditulis di borang akreditasi,"['kampus2', 'ramerame', 'terapin', 'obe', 'paham', 'esensi', 'tulis', 'borang', 'akreditasi']",kampus2 ramerame terapin obe paham esensi tulis borang akreditasi
obe ini konsepnya sudah ketinggalan jaman negara yang menciptakannya saja sudah mulai beralih ke model yang lebih fleksibel,"['obe', 'konsep', 'tinggal', 'jaman', 'negara', 'cipta', 'alih', 'model', 'fleksibel']",obe konsep tinggal jaman negara cipta alih model fleksibel
garagara fokus ke obe kampus kami malah ngelupain masalah fundamental seperti fasilitas yang masih kurang,"['garagara', 'fokus', 'obe', 'kampus', 'ngelupain', 'fundamental', 'fasilitas']",garagara fokus obe kampus ngelupain fundamental fasilitas
obe yang hanya ganti format silabus tanpa ubah metode pengajaran itu hanya buangbuang waktu dan energi,"['obe', 'ganti', 'format', 'silabus', 'ubah', 'metode', 'ajar', 'buangbuang', 'energi']",obe ganti format silabus ubah metode ajar buangbuang energi
tidak ngerti lagi sama pemerintah kurikulum ganti terus kasihan guruguru yang selalu jadi korban,"['ngerti', 'perintah', 'kurikulum', 'ganti', 'kasihan', 'guruguru', 'korban']",ngerti perintah kurikulum ganti kasihan guruguru korban
obe ternyata bikin gap antara teori dan praktek makin lebar mahasiswa jadi robot yang hanya fokus ke nilai,"['obe', 'bikin', 'gap', 'teori', 'praktek', 'lebar', 'mahasiswa', 'robot', 'fokus', 'nilai']",obe bikin gap teori praktek lebar mahasiswa robot fokus nilai
sudah 2 tahun kampus kami terapin obe tapi kualitas lulusan tetep saja sama tidak ada peningkatan signifikan,"['2', 'kampus', 'terapin', 'obe', 'kualitas', 'lulus', 'tetep', 'tingkat', 'signifikan']",2 kampus terapin obe kualitas lulus tetep tingkat signifikan
sebagai dosen saya merasa obe ini hanya bikin ribet saja banyak form yang harus diisi tapi esensinya hilang,"['dosen', 'obe', 'bikin', 'ribet', 'form', 'isi', 'esensi', 'hilang']",dosen obe bikin ribet form isi esensi hilang
obe malah bikin pendidikan jadi kehilangan dimensi humanisnya semua diukur pakai angka saja,"['obe', 'bikin', 'didik', 'hilang', 'dimensi', 'humanis', 'ukur', 'pakai', 'angka']",obe bikin didik hilang dimensi humanis ukur pakai angka
kecewa sekali sama implementasi obe di kampus kami hanya jadi proyek dandandandan dokumen buat akreditasi,"['kecewa', 'implementasi', 'obe', 'kampus', 'proyek', 'dandandandan', 'dokumen', 'akreditasi']",kecewa implementasi obe kampus proyek dandandandan dokumen akreditasi
tidak semua ilmu bisa diukur pakai obe misalnya filsafat atau seni masa harus disimplifikasi jadi outcomes yang kaku,"['ilmu', 'ukur', 'pakai', 'obe', 'filsafat', 'seni', 'simplifikasi', 'outcomes', 'kaku']",ilmu ukur pakai obe filsafat seni simplifikasi outcomes kaku
obe ini konsepnya seperti industrialisasi pendidikan mahasiswa diproduksi sesuai permintaan pasar,"['obe', 'konsep', 'industrialisasi', 'didik', 'mahasiswa', 'produksi', 'sesuai', 'minta', 'pasar']",obe konsep industrialisasi didik mahasiswa produksi sesuai minta pasar
saya sudah 20 tahun jadi dosen dan obe ini hanya daur ulang dari konsep yang sudah pernah gagal sebelumnya,"['20', 'dosen', 'obe', 'daur', 'ulang', 'konsep', 'gagal']",20 dosen obe daur ulang konsep gagal
garagara obe dosen jadi fokus ke administratif bukan ke peningkatan kualitas pengajaran,"['garagara', 'obe', 'dosen', 'fokus', 'administratif', 'tingkat', 'kualitas', 'ajar']",garagara obe dosen fokus administratif tingkat kualitas ajar
obe malah bikin pendidikan kehilangan unsur kemanusiaannya semua distandarisasi seperti pabrik,"['obe', 'bikin', 'didik', 'hilang', 'unsur', 'manusia', 'standar', 'pabrik']",obe bikin didik hilang unsur manusia standar pabrik
sudah capek dengerin jargon obe toh pada akhirnya yang diukur hanya nilai ujian saja,"['capek', 'dengerin', 'jargon', 'obe', 'ukur', 'nilai', 'uji']",capek dengerin jargon obe ukur nilai uji
konsep obe bagus tapi implementasinya berantakan jadinya malah bikin tambah kacau sistem pendidikan,"['konsep', 'obe', 'bagus', 'implementasi', 'beranta', 'bikin', 'kacau', 'sistem', 'didik']",konsep obe bagus implementasi beranta bikin kacau sistem didik
obe ini hanya buat yang punya resource banyak kampus kecil seperti kami malah kesusahan implementasinya,"['obe', 'resource', 'kampus', 'susah', 'implementasi']",obe resource kampus susah implementasi
tidak adil sekali maksa semua kampus terapin obe tanpa pertimbangkan kondisi dan kemampuan masingmasing,"['adil', 'maksa', 'kampus', 'terapin', 'obe', 'timbang', 'kondisi', 'mampu', 'masingmasing']",adil maksa kampus terapin obe timbang kondisi mampu masingmasing
obe bikin mata kuliah yang sifatnya eksplorasi jadi kaku semuanya dipaksa punya outcome yang terukur,"['obe', 'bikin', 'mata', 'kuliah', 'sifat', 'eksplorasi', 'kaku', 'paksa', 'outcome', 'ukur']",obe bikin mata kuliah sifat eksplorasi kaku paksa outcome ukur
implementasi obe di kampus kami hanya untuk pencitraan dalamnya masih sama saja seperti dulu,"['implementasi', 'obe', 'kampus', 'citra', 'dalam']",implementasi obe kampus citra dalam
sebagai mahasiswa saya ngerasa jadi kelinci percobaan garagara obe dosennya saja masih bingung gimana nerapinnya,"['mahasiswa', 'ngerasa', 'kelinci', 'coba', 'garagara', 'obe', 'dosen', 'bingung', 'gimana', 'nerapinnya']",mahasiswa ngerasa kelinci coba garagara obe dosen bingung gimana nerapinnya
obe ini konsepnya bagus tapi prakteknya amburadul malah bikin sistem pendidikan tambah berantakan,"['obe', 'konsep', 'bagus', 'praktek', 'amburadul', 'bikin', 'sistem', 'didik', 'beranta']",obe konsep bagus praktek amburadul bikin sistem didik beranta
tidak habis pikir sama kemdikbud bukannya benerin masalah fundamental malah sibuk gantiganti kurikulum,"['habis', 'pikir', 'kemdikbud', 'benerin', 'fundamental', 'sibuk', 'gantiganti', 'kurikulum']",habis pikir kemdikbud benerin fundamental sibuk gantiganti kurikulum
obe ternyata malah membebani mahasiswa dengan tugas yang banyak tapi tidak substantif,"['obe', 'beban', 'mahasiswa', 'tugas', 'substantif']",obe beban mahasiswa tugas substantif
sudah 6 bulan kami pakai obe feedbacknya negatif dari siswa dan guru pada bingung semua,"['6', 'pakai', 'obe', 'feedbacknya', 'negatif', 'siswa', 'guru', 'bingung']",6 pakai obe feedbacknya negatif siswa guru bingung
obe ini ibaratnya ganti bungkus tapi isinya sama hanya biar keliatan kekinian saja,"['obe', 'ganti', 'bungkus', 'isi', 'biar', 'liat', 'kini']",obe ganti bungkus isi biar liat kini
kampus kami terpaksa terapin obe garagara takut akreditasinya turun padahal sebenernya belum siap,"['kampus', 'paksa', 'terapin', 'obe', 'garagara', 'takut', 'akreditasi', 'turun', 'sebenernya']",kampus paksa terapin obe garagara takut akreditasi turun sebenernya
lelah sekali tiap tahun ada sistem baru dulu k13 sekarang obe capek ngikutinnya,"['lelah', 'sistem', 'k13', 'obe', 'capek', 'ngikutinnya']",lelah sistem k13 obe capek ngikutinnya
obe bikin pendidikan jadi mechanical hilang sentuhan personal antara guru dan murid,"['obe', 'bikin', 'didik', 'mechanical', 'hilang', 'sentuh', 'personal', 'guru', 'murid']",obe bikin didik mechanical hilang sentuh personal guru murid
saya tidak yakin obe bisa sukses di indonesia soalnya mindset pendidikan kita masih fokus ke hafalan bukan pemahaman,"['obe', 'sukses', 'indonesia', 'mindset', 'didik', 'fokus', 'hafal', 'paham']",obe sukses indonesia mindset didik fokus hafal paham
setelah nerapin obe malah bikin dosen jadi admin daripada pendidik waktunya habis buat urus dokumen,"['nerapin', 'obe', 'bikin', 'dosen', 'admin', 'didik', 'habis', 'urus', 'dokumen']",nerapin obe bikin dosen admin didik habis urus dokumen
tidak ngerti kenapa kampus kami ngotot implementasi obe padahal jelasjelas belum siap dari segi sdm dan infrastruktur,"['ngerti', 'kampus', 'ngotot', 'implementasi', 'obe', 'jelasjelas', 'segi', 'sdm', 'infrastruktur']",ngerti kampus ngotot implementasi obe jelasjelas segi sdm infrastruktur
obe ini ibaratnya beli baju mahal tapi tidak cocok di badan dipaksapaksain malah jadi aneh,"['obe', 'beli', 'baju', 'mahal', 'cocok', 'badan', 'dipaksapaksain', 'aneh']",obe beli baju mahal cocok badan dipaksapaksain aneh
sejak kampus kami pakai obe dosendosen pada stress karena workload nambah tapi kompensasi tetep sama,"['kampus', 'pakai', 'obe', 'dosendosen', 'stress', 'workload', 'nambah', 'kompensasi', 'tetep']",kampus pakai obe dosendosen stress workload nambah kompensasi tetep
obe malah bikin mahasiswa jadi kurang eksploratif mereka hanya belajar yang ada di rubrik penilaian saja,"['obe', 'bikin', 'mahasiswa', 'eksploratif', 'ajar', 'rubrik', 'nilai']",obe bikin mahasiswa eksploratif ajar rubrik nilai
kampus kami asal comot obe tanpa adaptasi ke konteks lokal jadinya ya tidak nyambung sama kebutuhan riil,"['kampus', 'comot', 'obe', 'adaptasi', 'konteks', 'lokal', 'ya', 'nyambung', 'butuh', 'riil']",kampus comot obe adaptasi konteks lokal ya nyambung butuh riil
capek dengerin obe terus ujungujungnya yang dipentingin tetep nilai bukan pemahaman,"['capek', 'dengerin', 'obe', 'ujungujungnya', 'dipentingin', 'tetep', 'nilai', 'paham']",capek dengerin obe ujungujungnya dipentingin tetep nilai paham
garagara obe kreativitas mahasiswa malah terbunuh karena semuanya harus sesuai standar yang kaku,"['garagara', 'obe', 'kreativitas', 'mahasiswa', 'bunuh', 'sesuai', 'standar', 'kaku']",garagara obe kreativitas mahasiswa bunuh sesuai standar kaku
obe ini bikin sistem pendidikan jadi tidak manusiawi semua diukur pakai angka saja tanpa lihat prosesnya,"['obe', 'bikin', 'sistem', 'didik', 'manusiawi', 'ukur', 'pakai', 'angka', 'lihat', 'proses']",obe bikin sistem didik manusiawi ukur pakai angka lihat proses
kampus hanya ngejar akreditasi makanya terapin obe tapi implementasinya hanya di permukaan saja,"['kampus', 'ngejar', 'akreditasi', 'terapin', 'obe', 'implementasi', 'muka']",kampus ngejar akreditasi terapin obe implementasi muka
tidak ngerti lagi sama kebijakan pendidikan yang gontaganti tahun ini obe besok apalagi,"['ngerti', 'bijak', 'didik', 'gontaganti', 'obe', 'besok']",ngerti bijak didik gontaganti obe besok
obe malah bikin gap antara kampus besar dan kecil makin lebar karena butuh resource banyak buat implementasinya,"['obe', 'bikin', 'gap', 'kampus', 'lebar', 'butuh', 'resource', 'implementasi']",obe bikin gap kampus lebar butuh resource implementasi
sejak pakai kurikulum obe guruguru jadi kebanyakan ngurus administratif daripada fokus ngajar,"['pakai', 'kurikulum', 'obe', 'guruguru', 'banyak', 'ngurus', 'administratif', 'fokus', 'ngajar']",pakai kurikulum obe guruguru banyak ngurus administratif fokus ngajar
tidak semua bidang ilmu cocok diterapin obe misalnya humaniora yang lebih ke proses berpikir daripada hasil konkret,"['bidang', 'ilmu', 'cocok', 'diterapin', 'obe', 'humaniora', 'proses', 'pikir', 'hasil', 'konkret']",bidang ilmu cocok diterapin obe humaniora proses pikir hasil konkret
obe ini hanya bikin pendidikan jadi mekanistis hilang unsur seni dan kreativitasnya,"['obe', 'bikin', 'didik', 'mekanistis', 'hilang', 'unsur', 'seni', 'kreativitas']",obe bikin didik mekanistis hilang unsur seni kreativitas
kampus kami terpaksa terapin obe padahal sebenernya tidak siap jadinya implementasinya kacau balau,"['kampus', 'paksa', 'terapin', 'obe', 'sebenernya', 'implementasi', 'kacau', 'balau']",kampus paksa terapin obe sebenernya implementasi kacau balau
lebih baik perbaiki kualitas guru daripada gontaganti kurikulum terus seperti obe begini,"['baik', 'kualitas', 'guru', 'gontaganti', 'kurikulum', 'obe']",baik kualitas guru gontaganti kurikulum obe
obe ternyata hanya rebranding dari kurikulum lama substansinya tetep sama hanya beda istilah saja,"['obe', 'rebranding', 'kurikulum', 'substansi', 'tetep', 'beda', 'istilah']",obe rebranding kurikulum substansi tetep beda istilah
sudah setahun pakai obe tapi malah bikin mahasiswa jadi bingung karena setiap dosen nerapinnya bedabeda,"['tahun', 'pakai', 'obe', 'bikin', 'mahasiswa', 'bingung', 'dosen', 'nerapinnya', 'bedabeda']",tahun pakai obe bikin mahasiswa bingung dosen nerapinnya bedabeda
garagara obe waktu dosen habis buat bikin dokumen assessmen daripada fokus ke kualitas pengajaran,"['garagara', 'obe', 'dosen', 'habis', 'bikin', 'dokumen', 'assessmen', 'fokus', 'kualitas', 'ajar']",garagara obe dosen habis bikin dokumen assessmen fokus kualitas ajar
obe malah bikin mahasiswa jadi tidak mandiri mereka hanya belajar apa yang bakal diuji saja,"['obe', 'bikin', 'mahasiswa', 'mandiri', 'ajar', 'uji']",obe bikin mahasiswa mandiri ajar uji
kenapa indonesia harus ikutikutan tren kurikulum dari luar obe ini belum tentu cocok untuk konteks kita,"['indonesia', 'ikutikutan', 'tren', 'kurikulum', 'obe', 'cocok', 'konteks']",indonesia ikutikutan tren kurikulum obe cocok konteks
kurikulum obe hanya menyenangkan pembuat kebijakan yang jadi korban ya guru dan siswa,"['kurikulum', 'obe', 'senang', 'buat', 'bijak', 'korban', 'ya', 'guru', 'siswa']",kurikulum obe senang buat bijak korban ya guru siswa
obe ini konsepnya dari negara yang sudah mapan sistem pendidikannya kalau di indonesia malah jadi beban tambahan,"['obe', 'konsep', 'negara', 'mapan', 'sistem', 'didik', 'indonesia', 'beban', 'tambah']",obe konsep negara mapan sistem didik indonesia beban tambah
tidak habis pikir kenapa kampus kami maumaunya ikut tren obe padahal jelasjelas belum siap infrastrukturnya,"['habis', 'pikir', 'kampus', 'maumaunya', 'tren', 'obe', 'jelasjelas', 'infrastruktur']",habis pikir kampus maumaunya tren obe jelasjelas infrastruktur
kurikulum berbasis hasil itu bagus di teori prakteknya malah bikin semua pihak jadi stres,"['kurikulum', 'basis', 'hasil', 'bagus', 'teori', 'praktek', 'bikin', 'stres']",kurikulum basis hasil bagus teori praktek bikin stres
obe bikin pendidikan kehilangan unsur eksplorasi semuanya sudah diatur kaku dalam outcomes,"['obe', 'bikin', 'didik', 'hilang', 'unsur', 'eksplorasi', 'atur', 'kaku', 'outcomes']",obe bikin didik hilang unsur eksplorasi atur kaku outcomes
sebagai mahasiswa saya ngerasa jadi korban eksperimen obe dosennya saja masih bingung cara implementasinya,"['mahasiswa', 'ngerasa', 'korban', 'eksperimen', 'obe', 'dosen', 'bingung', 'implementasi']",mahasiswa ngerasa korban eksperimen obe dosen bingung implementasi
obe bikin beban kerja dosen nambah berkali lipat mana sempet fokus ke riset dan pengajaran,"['obe', 'bikin', 'beban', 'kerja', 'dosen', 'nambah', 'kali', 'lipat', 'sempet', 'fokus', 'riset', 'ajar']",obe bikin beban kerja dosen nambah kali lipat sempet fokus riset ajar
kampus kami hanya ganti format rps jadi berbasis obe tapi prakteknya masih pakai cara lama,"['kampus', 'ganti', 'format', 'rps', 'basis', 'obe', 'praktek', 'pakai']",kampus ganti format rps basis obe praktek pakai
tidak efektif sekali implementasi obe kalau dosendosennya tidak dilatih dengan baik dulu,"['efektif', 'implementasi', 'obe', 'dosendosennya', 'latih']",efektif implementasi obe dosendosennya latih
obe malah bikin pendidikan jadi kehilangan esensinya yang penting outcomes tercapai walau prosesnya amburadul,"['obe', 'bikin', 'didik', 'hilang', 'esensi', 'outcomes', 'capai', 'proses', 'amburadul']",obe bikin didik hilang esensi outcomes capai proses amburadul
sudah 2 semester pakai obe feedbacknya jelek dari mahasiswa pada bingung sama sistem penilaiannya,"['2', 'semester', 'pakai', 'obe', 'feedbacknya', 'jelek', 'mahasiswa', 'bingung', 'sistem', 'nilai']",2 semester pakai obe feedbacknya jelek mahasiswa bingung sistem nilai
garagara fokus ke implementasi obe kampus kami malah ngelupain masalah mendasar seperti kualitas dosen,"['garagara', 'fokus', 'implementasi', 'obe', 'kampus', 'ngelupain', 'dasar', 'kualitas', 'dosen']",garagara fokus implementasi obe kampus ngelupain dasar kualitas dosen
obe yang dipaksain tanpa persiapan matang itu sama saja seperti bunuh diri akademik,"['obe', 'dipaksain', 'siap', 'matang', 'bunuh', 'akademik']",obe dipaksain siap matang bunuh akademik
tidak adil sekali maksa semua kampus terapin obe tanpa liat kondisi dan kemampuan masingmasing,"['adil', 'maksa', 'kampus', 'terapin', 'obe', 'liat', 'kondisi', 'mampu', 'masingmasing']",adil maksa kampus terapin obe liat kondisi mampu masingmasing
obe malah bikin pendidikan jadi businessoriented hilang idealisme pendidikan sebagai pencerahan,"['obe', 'bikin', 'didik', 'businessoriented', 'hilang', 'idealisme', 'didik', 'cerah']",obe bikin didik businessoriented hilang idealisme didik cerah
pusing sekali jadi mahasiswa jaman sekarang tiap tahun kurikulumnya gontaganti sekarang obe besok apalagi,"['pusing', 'mahasiswa', 'jaman', 'kurikulum', 'gontaganti', 'obe', 'besok']",pusing mahasiswa jaman kurikulum gontaganti obe besok
tidak ngerti sama kemdikbud bukannya benerin fasilitas pendidikan malah sibuk nerapin obe,"['ngerti', 'kemdikbud', 'benerin', 'fasilitas', 'didik', 'sibuk', 'nerapin', 'obe']",ngerti kemdikbud benerin fasilitas didik sibuk nerapin obe
obe ini hanya kedok buat naikin standar akreditasi esensi peningkatan kualitas pendidikan hilang,"['obe', 'kedok', 'naikin', 'standar', 'akreditasi', 'esensi', 'tingkat', 'kualitas', 'didik', 'hilang']",obe kedok naikin standar akreditasi esensi tingkat kualitas didik hilang
kampus kami terpaksa ikutan tren obe padahal jelasjelas belum siap dari segi sdm,"['kampus', 'paksa', 'ikut', 'tren', 'obe', 'jelasjelas', 'segi', 'sdm']",kampus paksa ikut tren obe jelasjelas segi sdm
kurikulum obe bikin hubungan dosenmahasiswa jadi kaku semuanya diatur sama rubrik penilaian,"['kurikulum', 'obe', 'bikin', 'hubung', 'dosenmahasiswa', 'kaku', 'atur', 'rubrik', 'nilai']",kurikulum obe bikin hubung dosenmahasiswa kaku atur rubrik nilai
obe yang terlalu rigid malah bikin mati kreativitas mahasiswa dan dosen,"['obe', 'rigid', 'bikin', 'mati', 'kreativitas', 'mahasiswa', 'dosen']",obe rigid bikin mati kreativitas mahasiswa dosen
dosendosen pada bingung sama implementasi obe pelatihan hanya sehari langsung disuruh praktekin,"['dosendosen', 'bingung', 'implementasi', 'obe', 'latih', 'hari', 'langsung', 'suruh', 'praktekin']",dosendosen bingung implementasi obe latih hari langsung suruh praktekin
tidak semua matkul cocok diterapin obe apalagi yang sifatnya abstrak seperti filsafat atau etika,"['matkul', 'cocok', 'diterapin', 'obe', 'sifat', 'abstrak', 'filsafat', 'etika']",matkul cocok diterapin obe sifat abstrak filsafat etika
obe malah bikin pendidikan jadi kehilangan nilainilai luhurnya semuanya diukur dari kebutuhan pasar,"['obe', 'bikin', 'didik', 'hilang', 'nilainilai', 'luhur', 'ukur', 'butuh', 'pasar']",obe bikin didik hilang nilainilai luhur ukur butuh pasar
kampus kami asal comot obe tanpa penyesuaian jadinya ya tidak nyambung sama kondisi riil di lapangan,"['kampus', 'comot', 'obe', 'sesuai', 'ya', 'nyambung', 'kondisi', 'riil', 'lapang']",kampus comot obe sesuai ya nyambung kondisi riil lapang
capek dengerin jargon obe terus ujungujungnya yang dipentingin tetep nilai bukan pemahaman,"['capek', 'dengerin', 'jargon', 'obe', 'ujungujungnya', 'dipentingin', 'tetep', 'nilai', 'paham']",capek dengerin jargon obe ujungujungnya dipentingin tetep nilai paham
obe bikin mahasiswa jadi kurang eksploratif mereka hanya belajar yang ada di rubrik penilaian saja,"['obe', 'bikin', 'mahasiswa', 'eksploratif', 'ajar', 'rubrik', 'nilai']",obe bikin mahasiswa eksploratif ajar rubrik nilai
sebagai dosen senior saya tidak yakin obe ini bawa perubahan signifikan selain nambah kerjaan administratif,"['dosen', 'senior', 'obe', 'bawa', 'ubah', 'signifikan', 'nambah', 'kerja', 'administratif']",dosen senior obe bawa ubah signifikan nambah kerja administratif
tidak habis pikir kenapa indonesia selalu jadi follower tren pendidikan global obe ini belum tentu cocok untuk kita,"['habis', 'pikir', 'indonesia', 'follower', 'tren', 'didik', 'global', 'obe', 'cocok']",habis pikir indonesia follower tren didik global obe cocok
obe malah bikin gap antara teori dan praktik makin lebar mahasiswa hanya paham konsep tanpa bisa aplikasikan,"['obe', 'bikin', 'gap', 'teori', 'praktik', 'lebar', 'mahasiswa', 'paham', 'konsep', 'aplikasi']",obe bikin gap teori praktik lebar mahasiswa paham konsep aplikasi
kampus kami sudah setahun nerapin obe tapi belum ada perubahan signifikan malah nambah kerjaan dosen,"['kampus', 'tahun', 'nerapin', 'obe', 'ubah', 'signifikan', 'nambah', 'kerja', 'dosen']",kampus tahun nerapin obe ubah signifikan nambah kerja dosen
sejak terapin obe waktu dosen habis buat ngurusin administratif daripada fokus ke pengajaran berkualitas,"['terapin', 'obe', 'dosen', 'habis', 'ngurusin', 'administratif', 'fokus', 'ajar', 'kualitas']",terapin obe dosen habis ngurusin administratif fokus ajar kualitas
obe bikin pendidikan kehilangan dimensi kritisnya mahasiswa hanya fokus ke outcomes yang sudah ditentukan,"['obe', 'bikin', 'didik', 'hilang', 'dimensi', 'kritis', 'mahasiswa', 'fokus', 'outcomes', 'tentu']",obe bikin didik hilang dimensi kritis mahasiswa fokus outcomes tentu
tidak relevan sekali maksa terapin obe di kampus yang masih kekurangan dosen dan fasilitas belajar,"['relevan', 'maksa', 'terapin', 'obe', 'kampus', 'kurang', 'dosen', 'fasilitas', 'ajar']",relevan maksa terapin obe kampus kurang dosen fasilitas ajar
obe ini hanya pandering ke kebutuhan industri pendidikan harusnya lebih dari sekedar cetak tenaga kerja,"['obe', 'pandering', 'butuh', 'industri', 'didik', 'dar', 'cetak', 'tenaga', 'kerja']",obe pandering butuh industri didik dar cetak tenaga kerja
sebagai guru saya ngerasa obe ini hanya nambah beban kerja tanpa ada kompensasi yang sepadan,"['guru', 'ngerasa', 'obe', 'nambah', 'beban', 'kerja', 'kompensasi', 'padan']",guru ngerasa obe nambah beban kerja kompensasi padan
obe malah bikin sistem pendidikan jadi seperti pabrik mahasiswa diproduksi sesuai permintaan pasar,"['obe', 'bikin', 'sistem', 'didik', 'pabrik', 'mahasiswa', 'produksi', 'sesuai', 'minta', 'pasar']",obe bikin sistem didik pabrik mahasiswa produksi sesuai minta pasar
tidak ngerti kenapa kampus harus ikutikutan tren obe padahal belum ada bukti konkret keberhasilannya di indonesia,"['ngerti', 'kampus', 'ikutikutan', 'tren', 'obe', 'bukti', 'konkret', 'hasil', 'indonesia']",ngerti kampus ikutikutan tren obe bukti konkret hasil indonesia
kurikulum berbasis hasil itu konsepnya dari kapitalisme pendidikan jadi komoditas yang bisa diukur dan dijual,"['kurikulum', 'basis', 'hasil', 'konsep', 'kapitalisme', 'didik', 'komoditas', 'ukur', 'jual']",kurikulum basis hasil konsep kapitalisme didik komoditas ukur jual
obe bikin pendidikan kehilangan soulnya semuanya jadi mekanistis dan kaku,"['obe', 'bikin', 'didik', 'hilang', 'soulnya', 'mekanistis', 'kaku']",obe bikin didik hilang soulnya mekanistis kaku
garagara obe dosen jadi lebih sibuk ngurusin dokumen daripada ngajar dan riset,"['garagara', 'obe', 'dosen', 'sibuk', 'ngurusin', 'dokumen', 'ngajar', 'riset']",garagara obe dosen sibuk ngurusin dokumen ngajar riset
implementasi obe di kampus kami bikin mahasiswa tambah stres tugas bertambah tapi tidak substantif,"['implementasi', 'obe', 'kampus', 'bikin', 'mahasiswa', 'stres', 'tugas', 'tambah', 'substantif']",implementasi obe kampus bikin mahasiswa stres tugas tambah substantif
obe itu hanya jargon kosong prakteknya tidak ada bedanya sama kurikulum lama hanya beda kemasan saja,"['obe', 'jargon', 'kosong', 'praktek', 'beda', 'kurikulum', 'beda', 'kemas']",obe jargon kosong praktek beda kurikulum beda kemas
kecewa sekali sama penerapan obe di kampus kami ternyata hanya buat kepentingan akreditasi saja,"['kecewa', 'terap', 'obe', 'kampus', 'penting', 'akreditasi']",kecewa terap obe kampus penting akreditasi
obe malah bikin materi pembelajaran jadi oversimplified yang penting bisa diukur outcomesnya,"['obe', 'bikin', 'materi', 'ajar', 'oversimplified', 'ukur', 'outcomesnya']",obe bikin materi ajar oversimplified ukur outcomesnya
tidak adil maksa semua kampus terapin obe tanpa pertimbangkan kekhasan dan kebutuhan masingmasing institusi,"['adil', 'maksa', 'kampus', 'terapin', 'obe', 'timbang', 'khas', 'butuh', 'masingmasing', 'institusi']",adil maksa kampus terapin obe timbang khas butuh masingmasing institusi
obe ini ibaratnya ganti bungkus tapi isinya sama hanya buat pencitraan saja,"['obe', 'ganti', 'bungkus', 'isi', 'citra']",obe ganti bungkus isi citra
sebagai dosen muda saya kecewa sama obe yang ternyata hanya nambah kerjaan administratif,"['dosen', 'muda', 'kecewa', 'obe', 'nambah', 'kerja', 'administratif']",dosen muda kecewa obe nambah kerja administratif
obe malah bikin pendidikan jadi seperti fast food serba cepat dan terstandarisasi tapi tidak bernutrisi,"['obe', 'bikin', 'didik', 'fast', 'food', 'serba', 'cepat', 'standar', 'nutrisi']",obe bikin didik fast food serba cepat standar nutrisi
sudah capek dengerin soal obe ujungujungnya hanya buat kepentingan akreditasi saja,"['capek', 'dengerin', 'obe', 'ujungujungnya', 'penting', 'akreditasi']",capek dengerin obe ujungujungnya penting akreditasi
tidak setuju sekali sama obe yang terlalu fokus ke outcomes proses belajar juga sama pentingnya,"['tuju', 'obe', 'fokus', 'outcomes', 'proses', 'ajar']",tuju obe fokus outcomes proses ajar
obe bikin pendidikan kehilangan unsur humanisnya semua diukur pakai angka saja,"['obe', 'bikin', 'didik', 'hilang', 'unsur', 'humanis', 'ukur', 'pakai', 'angka']",obe bikin didik hilang unsur humanis ukur pakai angka
kampus kami hanya lip service soal obe implementasinya setengah hati jadinya malah bikin bingung,"['kampus', 'lip', 'service', 'obe', 'implementasi', 'hati', 'bikin', 'bingung']",kampus lip service obe implementasi hati bikin bingung
garagara obe dosen jadi sibuk nyusun dokumen daripada fokus ke pengembangan ilmu,"['garagara', 'obe', 'dosen', 'sibuk', 'nyusun', 'dokumen', 'fokus', 'kembang', 'ilmu']",garagara obe dosen sibuk nyusun dokumen fokus kembang ilmu
obe yang dipaksain tanpa persiapan matang itu hanya buangbuang waktu dan energi saja,"['obe', 'dipaksain', 'siap', 'matang', 'buangbuang', 'energi']",obe dipaksain siap matang buangbuang energi
kalau diliatliat obe ini malah bikin standarisasi yang kaku kreativitas jadi hilang,"['diliatliat', 'obe', 'bikin', 'standar', 'kaku', 'kreativitas', 'hilang']",diliatliat obe bikin standar kaku kreativitas hilang
tidak habis pikir kenapa kita selalu latah ikutin tren pendidikan dari luar obe belum tentu cocok buat kita,"['habis', 'pikir', 'latah', 'ikutin', 'tren', 'didik', 'obe', 'cocok']",habis pikir latah ikutin tren didik obe cocok
obe bikin pendidikan jadi kehilangan unsur eksplorasi semuanya sudah diatur kaku dalam rubrik penilaian,"['obe', 'bikin', 'didik', 'hilang', 'unsur', 'eksplorasi', 'atur', 'kaku', 'rubrik', 'nilai']",obe bikin didik hilang unsur eksplorasi atur kaku rubrik nilai
saya sebagai mahasiswa merasa jadi kelinci percobaan obe padahal sistemnya belum jelas gimana implementasinya,"['mahasiswa', 'kelinci', 'coba', 'obe', 'sistem', 'gimana', 'implementasi']",mahasiswa kelinci coba obe sistem gimana implementasi
obe ini terlalu fokus ke outputs padahal pendidikan harusnya lebih dari sekedar hasil akhir,"['obe', 'fokus', 'outputs', 'didik', 'dar', 'hasil']",obe fokus outputs didik dar hasil
garagara sibuk nerapin obe masalah fundamental pendidikan kita malah terlupakan,"['garagara', 'sibuk', 'nerapin', 'obe', 'fundamental', 'didik', 'lupa']",garagara sibuk nerapin obe fundamental didik lupa
obe malah bikin pendidikan jadi sekedar training untuk industri bukan lagi tentang keilmuan,"['obe', 'bikin', 'didik', 'dar', 'training', 'industri', 'ilmu']",obe bikin didik dar training industri ilmu
kalau ingin jujur obe di kampus kami hanya buat pencitraan saja prakteknya masih seperti kurikulum lama,"['jujur', 'obe', 'kampus', 'citra', 'praktek', 'kurikulum']",jujur obe kampus citra praktek kurikulum
tidak ngerti lagi sama kebijakan pendidikan yang gontaganti capek ngikutinnya,"['ngerti', 'bijak', 'didik', 'gontaganti', 'capek', 'ngikutinnya']",ngerti bijak didik gontaganti capek ngikutinnya
obe bikin dosen jadi administrator daripada pendidik waktunya habis buat ngurusin dokumen,"['obe', 'bikin', 'dosen', 'administrator', 'didik', 'habis', 'ngurusin', 'dokumen']",obe bikin dosen administrator didik habis ngurusin dokumen
kampus kami belum siap implementasi obe tapi dipaksa jadinya malah berantakan,"['kampus', 'implementasi', 'obe', 'paksa', 'beranta']",kampus implementasi obe paksa beranta
sebagai dosen senior saya merasa obe ini hanya rebranding dari sistem yang sudah ada tidak ada yang baru,"['dosen', 'senior', 'obe', 'rebranding', 'sistem']",dosen senior obe rebranding sistem
obe ternyata bikin beban kerja dosen nambah tapi kualitas pembelajaran tidak meningkat,"['obe', 'bikin', 'beban', 'kerja', 'dosen', 'nambah', 'kualitas', 'ajar', 'tingkat']",obe bikin beban kerja dosen nambah kualitas ajar tingkat
tidak semua ilmu bisa diukur pakai outcomes yang kaku misalnya filsafat atau seni,"['ilmu', 'ukur', 'pakai', 'outcomes', 'kaku', 'filsafat', 'seni']",ilmu ukur pakai outcomes kaku filsafat seni
obe malah bikin pendidikan jadi mekanistis hilang unsur kreativitas dan eksplorasinya,"['obe', 'bikin', 'didik', 'mekanistis', 'hilang', 'unsur', 'kreativitas', 'eksplorasi']",obe bikin didik mekanistis hilang unsur kreativitas eksplorasi
sudah setahun implementasi obe tapi malah bikin mahasiswa tambah bingung karena tidak konsisten,"['tahun', 'implementasi', 'obe', 'bikin', 'mahasiswa', 'bingung', 'konsisten']",tahun implementasi obe bikin mahasiswa bingung konsisten
garagara obe dosen jadi kehilangan otonominya dalam mengajar semuanya harus sesuai outcomes,"['garagara', 'obe', 'dosen', 'hilang', 'otonomi', 'ajar', 'sesuai', 'outcomes']",garagara obe dosen hilang otonomi ajar sesuai outcomes
obe hanya jargon kosong prakteknya tidak ada bedanya sama kurikulum lama,"['obe', 'jargon', 'kosong', 'praktek', 'beda', 'kurikulum']",obe jargon kosong praktek beda kurikulum
sebagai guru saya ngerasa obe ini hanya nambah beban kerja administratif saja,"['guru', 'ngerasa', 'obe', 'nambah', 'beban', 'kerja', 'administratif']",guru ngerasa obe nambah beban kerja administratif
obe malah bikin pendidikan jadi terlalu fokus ke pasar kerja idealisme keilmuan hilang,"['obe', 'bikin', 'didik', 'fokus', 'pasar', 'kerja', 'idealisme', 'ilmu', 'hilang']",obe bikin didik fokus pasar kerja idealisme ilmu hilang
kampus kami kejarkejaran implementasi obe demi akreditasi padahal belum siap dari segi sdm,"['kampus', 'kejarkejaran', 'implementasi', 'obe', 'akreditasi', 'segi', 'sdm']",kampus kejarkejaran implementasi obe akreditasi segi sdm
tidak habis pikir kenapa pendidikan kita selalu ikutikutan tren obe belum tentu cocok buat kita,"['habis', 'pikir', 'didik', 'ikutikutan', 'tren', 'obe', 'cocok']",habis pikir didik ikutikutan tren obe cocok
obe bikin mahasiswa jadi kurang eksploratif mereka hanya belajar sesuai rubrik penilaian saja,"['obe', 'bikin', 'mahasiswa', 'eksploratif', 'ajar', 'sesuai', 'rubrik', 'nilai']",obe bikin mahasiswa eksploratif ajar sesuai rubrik nilai
sudah 6 bulan nerapin obe feedbacknya jelek dari mahasiswa pada bingung sama sistemnya,"['6', 'nerapin', 'obe', 'feedbacknya', 'jelek', 'mahasiswa', 'bingung', 'sistem']",6 nerapin obe feedbacknya jelek mahasiswa bingung sistem
garagara obe waktu dosen habis buat dokumen administratif daripada riset dan pengajaran,"['garagara', 'obe', 'dosen', 'habis', 'dokumen', 'administratif', 'riset', 'ajar']",garagara obe dosen habis dokumen administratif riset ajar
obe ini terlalu rigid tidak semua proses belajar bisa diukur dengan outcomes yang kaku,"['obe', 'rigid', 'proses', 'ajar', 'ukur', 'outcomes', 'kaku']",obe rigid proses ajar ukur outcomes kaku
kampus kami hanya ganti format dokumen jadi obe tapi prakteknya masih sama seperti dulu,"['kampus', 'ganti', 'format', 'dokumen', 'obe', 'praktek']",kampus ganti format dokumen obe praktek
sebagai mahasiswa saya merasa jadi korban eksperimen obe yang implementasinya setengahsetengah,"['mahasiswa', 'korban', 'eksperimen', 'obe', 'implementasi', 'setengahsetengah']",mahasiswa korban eksperimen obe implementasi setengahsetengah
obe malah bikin pendidikan kehilangan esensinya sebagai proses pencerahan dan pembentukan karakter,"['obe', 'bikin', 'didik', 'hilang', 'esensi', 'proses', 'cerah', 'bentuk', 'karakter']",obe bikin didik hilang esensi proses cerah bentuk karakter
tidak setuju sama kurikulum obe yang terlalu fokus ke outcomes pendidikan lebih dari sekedar hasil,"['tuju', 'kurikulum', 'obe', 'fokus', 'outcomes', 'didik', 'dar', 'hasil']",tuju kurikulum obe fokus outcomes didik dar hasil
obe ini hanya rebranding dari kurikulum lama tidak ada yang baru selain namanya saja,"['obe', 'rebranding', 'kurikulum', 'nama']",obe rebranding kurikulum nama
